{"cameraMode":{"drawMode":0,"name":"Shaded","section":"Shading Mode"},"sceneLighting":false,"audioPlay":false,"sceneViewState":{"m_AlwaysRefresh":false,"showFog":true,"showSkybox":false,"showFlares":true,"showImageEffects":true,"showParticleSystems":true,"showVisualEffectGraphs":true,"m_FxEnabled":true},"in2DMode":false,"pivot":{"x":-0.000010848045349121094,"y":0.06779676675796509,"z":-0.00008225440979003906},"rotation":{"x":-0.11079122126102448,"y":0.8791595101356506,"z":-0.2492971420288086,"w":-0.39071106910705569},"size":4.136070728302002,"orthographic":false}