{"cameraMode":{"drawMode":0,"name":"Shaded","section":"Shading Mode"},"sceneLighting":false,"audioPlay":false,"sceneViewState":{"m_AlwaysRefresh":false,"showFog":true,"showSkybox":false,"showFlares":true,"showImageEffects":true,"showParticleSystems":true,"showVisualEffectGraphs":true,"m_FxEnabled":true},"in2DMode":false,"pivot":{"x":32.558223724365237,"y":24.387718200683595,"z":2.442620277404785},"rotation":{"x":0.02292230725288391,"y":-0.6538706421852112,"z":0.019822750240564348,"w":0.7560352087020874},"size":4.1027021408081059,"orthographic":false}