{"cameraMode":{"drawMode":0,"name":"Shaded","section":"Shading Mode"},"sceneLighting":true,"audioPlay":false,"sceneViewState":{"m_AlwaysRefresh":false,"showFog":true,"showSkybox":true,"showFlares":true,"showImageEffects":true,"showParticleSystems":true,"showVisualEffectGraphs":true,"m_FxEnabled":true},"in2DMode":false,"pivot":{"x":-26.454397201538087,"y":-0.02562713623046875,"z":-495.0406799316406},"rotation":{"x":0.30728402733802798,"y":-0.20099680125713349,"z":0.06650638580322266,"w":0.9278119206428528},"size":63.30219268798828,"orthographic":false}